idCidadao;nome;cartaoSUS;dataNascimento;celular;telefone;email;endereco;cep
1;Manuela S Souza;545882816181914;27/11/1964;;(87) 8848-6068;ManuelaSilvaSouza@cuvox.de;;
2;Larissa C Pereira;566375061345883;17/10/1975;;(45) 3037-8520;LarissaCardosoPereira@cuvox.de;;
3;Luan S Melo;347826018726927;16/12/1959;;(11) 5032-7145;LuanSousaMelo@einrot.com;;
4;Renan A Pereira;384922539664153;16/11/1925;;(11) 7169-8786;RenanAlmeidaPereira@jourrapide.com;;
5;Gustavo R Souza;160915864217143;24/07/2018;;(21) 9144-6135;GustavoRibeiroSouza@superrito.com;;
6;Beatrice P Lima;488260972755347;01/02/1996;;(55) 6845-7535;BeatricePintoLima@jourrapide.com;;
7;Ágatha S Oliveira;186688931997312;25/05/1959;;(71) 6011-3695;AgathaSousaOliveira@gustr.com;;
8;Felipe P Ribeiro;651488575851395;26/11/1941;;(11) 3923-4266;FelipePereiraRibeiro@rhyta.com;;
9;Vitór A Souza;114782676765506;07/10/1970;;(19) 7392-8382;VitorAlmeidaSouza@dayrep.com;;
10;Marisa B Barros;772921789364404;23/02/2012;;(21) 2754-8533;MarisaBarbosaBarros@gustr.com;;
11;Eduardo F Rocha;25403761338988;06/12/2011;;(27) 8509-8017;EduardoFernandesRocha@cuvox.de;;
12;Gabriela R Melo;665858026952403;07/12/1923;;(71) 9315-6006;GabrielaRibeiroMelo@teleworm.us;;
13;Bruno G Rocha;805455721965753;09/09/1997;;(11) 2961-8509;BrunoGoncalvesRocha@fleckens.hu;;
14;Leonardo G Cunha;510105908504844;05/08/1958;;(83) 8207-3269;LeonardoGoncalvesCunha@gustr.com;;
15;Ágatha S Alves;135670253349814;24/12/1968;;(48) 5888-3848;AgathaSouzaAlves@einrot.com;;
16;Raissa D Santos;276296886746131;01/08/1936;;(27) 9405-8442;RaissaDiasSantos@teleworm.us;;
17;Matilde L Barros;644111236671553;19/08/1936;;(11) 8038-2580;MatildeLimaBarros@rhyta.com;;
18;Eduarda F Rocha;80619398073786;22/07/1924;;(49) 5590-2760;EduardaFernandesRocha@jourrapide.com;;
19;Mariana A Sousa;851372506163329;04/09/2017;;(81) 2995-2611;MarianaAzevedoSousa@armyspy.com;;
20;Isabella M Almeida;637608638535904;31/01/1960;;(44) 3008-3819;IsabellaMartinsAlmeida@superrito.com;;
21;Júlia R Rocha;690727078694927;25/11/2014;;(18) 9258-2227;JuliaRodriguesRocha@rhyta.com;;
22;João P Oliveira;990661534388989;02/09/2015;;(31) 6524-7005;JoaoPintoOliveira@cuvox.de;;
23;Marcos A Ribeiro;448411228088581;09/09/1989;;(11) 7829-7140;MarcosAzevedoRibeiro@superrito.com;;
24;Kai C Souza;270346499838736;01/09/2005;;(71) 5455-3618;KaiCardosoSouza@teleworm.us;;
25;Clara A Martins;670422544443292;17/12/1926;;(91) 4279-8499;ClaraAlvesMartins@superrito.com;;
26;Emily C Dias;320454094988852;08/09/2010;;(31) 9353-9735;EmilyCardosoDias@armyspy.com;;
27;Clara R Costa;519561826370700;28/12/1939;;(51) 6332-9456;ClaraRibeiroCosta@superrito.com;;
28;Guilherme A Cardoso;942087587085860;22/04/1985;;(73) 3811-2498;GuilhermeAzevedoCardoso@einrot.com;;
29;Victor A Pinto;12079262800970;28/11/1959;;(71) 8284-7808;VictorAraujoPinto@superrito.com;;
30;Estevan A Azevedo;74272031739316;02/12/2016;;(34) 7640-8562;EstevanAlmeidaAzevedo@jourrapide.com;;
31;Tiago R Alves;428736753943041;10/05/1929;;(21) 9264-2274;TiagoRodriguesAlves@gustr.com;;
32;Gabrielly S Araujo;48576889962994;06/03/1923;;(31) 5884-2435;GabriellySantosAraujo@dayrep.com;;
33;Vitor C Souza;537410086481785;24/09/1996;;(24) 6601-5692;VitorCunhaSouza@einrot.com;;
34;Leonardo R Carvalho;890748426412712;17/11/1969;;(11) 6848-2376;LeonardoRochaCarvalho@einrot.com;;
35;Diogo C Santos;266917026764842;26/07/2003;;(21) 8470-3996;DiogoCardosoSantos@dayrep.com;;
36;Julia A Rocha;421406358990261;02/06/1977;;(12) 2484-9006;JuliaAlmeidaRocha@armyspy.com;;
37;Sophia G Dias;588180982568942;01/03/1995;;(81) 3773-7698;SophiaGoncalvesDias@superrito.com;;
38;Larissa G Souza;285436061961098;19/03/1983;;(85) 7673-2044;LarissaGoncalvesSouza@einrot.com;;
39;Giovana B Sousa;246165154310214;02/02/2002;;(11) 3308-8714;GiovanaBarbosaSousa@dayrep.com;;
40;Gabriel F Sousa;533187794980090;03/10/2017;;(18) 9976-4425;GabrielFerreiraSousa@fleckens.hu;;
41;Isabela G Pinto;824531046587509;08/04/1929;;(67) 4623-2547;IsabelaGoncalvesPinto@fleckens.hu;;
42;Nicolash G Sousa;62470140638738;19/05/1977;;(65) 4257-4370;NicolashGoncalvesSousa@rhyta.com;;
43;Gabrielle A Lima;720273388936797;23/07/1987;;(81) 5863-2207;GabrielleAzevedoLima@fleckens.hu;;
44;Emily F Pereira;603940065029993;28/03/1948;;(37) 7285-4496;EmilyFernandesPereira@armyspy.com;;
45;Júlio S Gomes;875893221115794;01/08/1960;;(11) 6048-6262;JulioSouzaGomes@dayrep.com;;
46;Vitor D Araujo;564868965577477;10/10/1937;;(11) 9639-3798;VitorDiasAraujo@cuvox.de;;
47;Estevan C Araujo;754243566778257;22/10/2001;;(11) 6596-5344;EstevanCostaAraujo@rhyta.com;;
48;Gabrielly R Rodrigues;614090997445282;6/18/1977;;(73) 4622-9079;GabriellyRibeiroRodrigues@einrot.com;;
49;Marisa G Melo;68582949517332;22/12/2009;;(16) 4774-4050;MarisaGoncalvesMelo@einrot.com;;
50;Victor S Dias;103513613367996;28/02/1988;;(12) 2166-7454;VictorSilvaDias@einrot.com;;
51;Douglas L Costa;292041236198822;25/11/1943;;(81) 4640-8685;DouglasLimaCosta@superrito.com;;
52;Bianca R Carvalho;132584955291080;28/10/2015;;(77) 5541-4421;BiancaRochaCarvalho@einrot.com;;
53;Nicole R Gomes;700005138848630;23/08/1928;;(19) 4533-9514;NicoleRodriguesGomes@rhyta.com;;
54;Caio A Lima;853112508137235;17/08/1939;;(44) 5651-5335;CaioAlvesLima@armyspy.com;;
55;Vinicius C Cavalcanti;315316839714588;16/10/1943;;(31) 5936-8526;ViniciusCastroCavalcanti@dayrep.com;;
56;Fernanda C Santos;663085245158872;14/12/2009;;(71) 2552-7040;FernandaCardosoSantos@superrito.com;;
57;Erick M Almeida;313945638509068;10/07/2011;;(81) 2206-6896;ErickMartinsAlmeida@rhyta.com;;
58;Enzo A Carvalho;824223757362240;15/09/1979;;(65) 7053-9137;EnzoAlvesCarvalho@dayrep.com;;
59;Letícia S Carvalho;481875339199105;16/05/1929;;(81) 8519-3943;LeticiaSousaCarvalho@einrot.com;;
60;Caio B Martins;988410796522746;20/05/1972;;(31) 8707-6529;CaioBarbosaMartins@einrot.com;;
61;Vitór C Pinto;795983516436356;06/05/1978;;(41) 9234-6218;VitorCarvalhoPinto@gustr.com;;
62;Vinícius C Lima;945797876429704;22/05/1998;;(41) 5227-7899;ViniciusCorreiaLima@rhyta.com;;
63;Ana R Azevedo;473962213957592;14/11/1985;;(12) 5271-6978;AnaRibeiroAzevedo@dayrep.com;;
64;Luiz C Dias;297877564207177;08/03/1970;;(21) 8205-8247;LuizCunhaDias@gustr.com;;
65;Enzo F Carvalho;524911133539389;03/03/1934;;(62) 3374-8284;EnzoFerreiraCarvalho@superrito.com;;
66;Davi S Pinto;618406152572290;24/01/1951;;(51) 5776-3715;DaviSantosPinto@fleckens.hu;;
67;Marisa C Dias;52444668021950;13/02/1999;;(96) 4395-2917;MarisaCastroDias@jourrapide.com;;
68;Sarah R Silva;821761377535864;16/11/2004;;(85) 2331-6106;SarahRochaSilva@jourrapide.com;;
69;Tânia M Araujo;969114671473579;30/04/1985;;(22) 2528-9249;TaniaMeloAraujo@rhyta.com;;
70;Vitória C Araujo;552738966619206;16/12/1924;;(11) 7646-4704;VitoriaCastroAraujo@armyspy.com;;
71;Carla G Ribeiro;792614172210677;28/10/1921;;(62) 2042-8025;CarlaGoncalvesRibeiro@gustr.com;;
72;Sophia L Sousa;623896683255275;12/10/1925;;(21) 2260-9454;SophiaLimaSousa@superrito.com;;
73;Kai G Gomes;854115533764721;08/05/1933;;(11) 5325-7593;KaiGoncalvesGomes@dayrep.com;;
74;Enzo S Cardoso;584964523958476;03/12/1935;;(47) 3386-7717;EnzoSilvaCardoso@jourrapide.com;;
75;Davi B Dias;951473927203785;24/08/1959;;(71) 9492-8652;DaviBarbosaDias@gustr.com;;
76;Joao C Pinto;933420883178026;22/01/2001;;(21) 5537-4262;JoaoCardosoPinto@superrito.com;;
77;Maria S Oliveira;712859251981250;14/06/2018;;(33) 3477-9380;MariaSouzaOliveira@armyspy.com;;
78;Camila S Souza;853296274592494;03/12/1943;;(21) 3339-2959;CamilaSantosSouza@dayrep.com;;
79;Thiago R Gomes;66251277475601;25/02/1951;;(67) 6954-8721;ThiagoRodriguesGomes@einrot.com;;
80;Livia C Sousa;686906623083332;20/05/1974;;(61) 8287-3515;LiviaCarvalhoSousa@jourrapide.com;;
81;Carolina M Sousa;838464692339999;24/05/2007;;(67) 8380-9156;CarolinaMartinsSousa@gustr.com;;
82;Giovanna B Pereira;58758311720053;10/04/2010;;(85) 2670-3630;GiovannaBarbosaPereira@rhyta.com;;
83;Leonardo C Azevedo;337273642876775;10/12/2004;;(11) 7587-6707;LeonardoCastroAzevedo@jourrapide.com;;
84;Vitor A Lima;771656487660665;31/12/1958;;(19) 4849-8862;VitorAraujoLima@armyspy.com;;
85;Sophia A Ribeiro;99717181369046;14/12/2009;;(24) 5449-9516;SophiaAraujoRibeiro@armyspy.com;;
86;José C Rodrigues;524689338194161;31/12/1956;;(14) 6531-3418;JoseCarvalhoRodrigues@armyspy.com;;
87;Leila G Souza;761633341587492;13/11/1989;;(63) 9903-4731;LeilaGoncalvesSouza@dayrep.com;;
88;Samuel C Rodrigues;44513456266782;09/11/1931;;(21) 3602-4433;SamuelCavalcantiRodrigues@einrot.com;;
89;Vitória C Almeida;859913358407246;22/08/2009;;(51) 8442-9521;VitoriaCorreiaAlmeida@armyspy.com;;
90;Emilly A Pinto;451903258985553;27/02/2006;;(67) 6981-5796;EmillyAlmeidaPinto@teleworm.us;;
91;Diego F Silva;849730165015730;04/07/1999;;(19) 9295-6565;DiegoFerreiraSilva@superrito.com;;
92;Melissa R Castro;485586912800355;31/05/2014;;(11) 6021-5793;MelissaRochaCastro@teleworm.us;;
93;Gabrielle S Castro;739613730232806;21/08/1978;;(48) 9990-7278;GabrielleSouzaCastro@superrito.com;;
94;Rafaela S Cardoso;844403194384310;20/07/1956;;(98) 9923-8633;RafaelaSousaCardoso@cuvox.de;;
95;Vitória G Ribeiro;993955328451632;30/08/1969;;(92) 3407-9123;VitoriaGoncalvesRibeiro@dayrep.com;;
96;Paulo C Pinto;227778198526068;22/03/2004;;(31) 4934-5158;PauloCastroPinto@dayrep.com;;
97;Raissa L Sousa;67462005941015;01/04/1955;;(31) 5077-8884;RaissaLimaSousa@dayrep.com;;
98;Paulo O Barbosa;347125934787494;21/06/1947;;(85) 9337-8789;PauloOliveiraBarbosa@dayrep.com;;
99;Vinícius R Pinto;290946246831942;18/02/2010;;(41) 2572-4280;ViniciusRochaPinto@dayrep.com;;
100;Mateus A Rocha;486298892271010;26/04/1970;;(63) 4011-9933;MateusAraujoRocha@cuvox.de;;
101;Gabriela P Fernandes;443703175638154;15/10/1932;;(35) 2007-6914;GabrielaPereiraFernandes@rhyta.com;;
102;Gabriel M Castro;276344952917932;09/07/1955;;(43) 9056-3885;GabrielMeloCastro@gustr.com;;
103;Maria O Azevedo;613020594309813;25/03/1938;;(67) 3978-4650;MariaOliveiraAzevedo@jourrapide.com;;
104;Pedro S Lima;941675071362166;15/10/1971;;(27) 4661-3444;PedroSilvaLima@einrot.com;;
105;Eduardo L Alves;327720889219291;11/08/2008;;(34) 9509-3164;EduardoLimaAlves@dayrep.com;;
106;Evelyn L Ribeiro;695762369406712;21/02/1924;;(81) 9396-8289;EvelynLimaRibeiro@rhyta.com;;
107;Emily G Cunha;355127106137157;22/02/1954;;(79) 5323-2182;EmilyGoncalvesCunha@gustr.com;;
108;Kauan A Silva;217794021071642;09/05/1928;;(21) 9474-3724;KauanAzevedoSilva@rhyta.com;;
109;Bruna C Costa;987490210823639;14/07/1966;;(27) 7668-9367;BrunaCunhaCosta@superrito.com;;
110;Luiza O Goncalves;460239642749813;19/12/1957;;(21) 2847-6947;LuizaOliveiraGoncalves@armyspy.com;;
111;Vitór P Cardoso;102851873956229;20/02/2006;;(11) 7289-8649;VitorPintoCardoso@teleworm.us;;
112;Felipe A Barbosa;265289253528419;04/09/1926;;(11) 2373-8541;FelipeAlvesBarbosa@einrot.com;;
113;Anna B Cavalcanti;820005292588210;22/12/1949;;(41) 9197-4462;AnnaBarrosCavalcanti@rhyta.com;;
114;Daniel A Rodrigues;136765780133984;11/02/1975;;(94) 4341-9276;DanielAlmeidaRodrigues@dayrep.com;;
115;Ana S Oliveira;966977496755576;07/10/1998;;(11) 3326-3593;AnaSantosOliveira@teleworm.us;;
116;Camila D Alves;699376944968357;24/08/1999;;(31) 7254-4684;CamilaDiasAlves@teleworm.us;;
117;Miguel G Dias;754341091767224;08/11/1975;;(92) 7908-2048;MiguelGoncalvesDias@fleckens.hu;;
118;André R Cardoso;984922517013949;29/04/2015;;(21) 7728-3686;AndreRochaCardoso@cuvox.de;;
119;Martim C Souza;614059168334067;05/05/1936;;(11) 2040-7898;MartimCavalcantiSouza@dayrep.com;;
120;Alex C Barbosa;556948109900295;14/05/2012;;(81) 6150-4706;AlexCostaBarbosa@gustr.com;;
121;Lucas R Barros;156662578312819;11/03/1955;;(61) 2110-3881;LucasRochaBarros@jourrapide.com;;
122;Igor R Souza;564159979969099;08/04/1929;;(91) 9887-2973;IgorRibeiroSouza@jourrapide.com;;
123;Nicolash C Azevedo;514271429260541;06/01/1991;;(21) 5436-8567;NicolashCavalcantiAzevedo@gustr.com;;
124;Thaís S Souza;407923810817816;14/06/1977;;(11) 5285-7264;ThaisSousaSouza@gustr.com;;
125;Ana S Dias;777295347274329;18/11/1961;;(83) 9144-6617;AnaSilvaDias@fleckens.hu;;
126;Livia C Cunha;469151443525317;04/05/1932;;(81) 8753-3290;LiviaCardosoCunha@jourrapide.com;;
127;Júlia S Ferreira;984714258085418;22/04/1972;;(13) 7913-8226;JuliaSilvaFerreira@gustr.com;;
128;Giovana O Azevedo;454470525987419;11/09/1953;;(35) 3890-5159;GiovanaOliveiraAzevedo@dayrep.com;;
129;José C Costa;118699115923575;15/06/2011;;(34) 2843-7036;JoseCorreiaCosta@fleckens.hu;;
130;Camila S Barros;311858911400251;08/10/2009;;(27) 4124-9910;CamilaSilvaBarros@teleworm.us;;
131;Danilo C Oliveira;173942954457804;09/01/1949;;(61) 5192-5101;DaniloCardosoOliveira@teleworm.us;;
132;Martim S Silva;345431322563589;30/09/1948;;(14) 8375-6131;MartimSousaSilva@superrito.com;;
133;Emilly C Rodrigues;706191396841522;25/10/1923;;(19) 8513-5047;EmillyCostaRodrigues@jourrapide.com;;
134;Yasmin F Cunha;967510653909268;18/08/1924;;(11) 5774-9309;YasminFerreiraCunha@teleworm.us;;
135;Amanda C Ribeiro;138848988572725;07/02/1987;;(81) 2392-6539;AmandaCarvalhoRibeiro@gustr.com;;
136;Leonor L Cardoso;22783749130066;09/12/1941;;(51) 8124-2941;LeonorLimaCardoso@gustr.com;;
137;Livia S Correia;970865754501784;23/08/1940;;(19) 9900-4839;LiviaSouzaCorreia@teleworm.us;;
138;Yasmin C Pinto;387556930844851;26/06/1956;;(21) 3497-5279;YasminCastroPinto@jourrapide.com;;
139;Nicolash A Rocha;548634200651839;12/08/2008;;(96) 3205-4660;NicolashAlvesRocha@armyspy.com;;
140;Tiago B Correia;368123717801397;14/04/1919;;(65) 5768-3071;TiagoBarrosCorreia@superrito.com;;
141;Antônio G Oliveira;452315846811995;03/08/1976;;(48) 3113-6360;AntonioGoncalvesOliveira@jourrapide.com;;
142;Amanda R Alves;932754126806045;18/08/1940;;(81) 3242-3183;AmandaRochaAlves@gustr.com;;
143;Isabella L Rodrigues;781012506187387;14/12/1925;;(32) 2984-9860;IsabellaLimaRodrigues@cuvox.de;;
144;Livia P Barros;981156678359063;22/01/1919;;(61) 9500-4355;LiviaPintoBarros@gustr.com;;
145;Paulo C Fernandes;542644904623451;16/12/1940;;(51) 9989-2907;PauloCastroFernandes@einrot.com;;
146;Diogo G Dias;159365932868864;05/06/1954;;(41) 3081-4302;DiogoGomesDias@teleworm.us;;
147;Júlia R Dias;128393893255501;07/09/2016;;(47) 2390-6180;JuliaRochaDias@armyspy.com;;
148;Igor C Lima;726653246533310;17/10/1943;;(15) 7832-7160;IgorCastroLima@gustr.com;;
149;Beatrice A Cunha;822762051477027;21/07/1924;;(77) 3734-4796;BeatriceAzevedoCunha@dayrep.com;;
150;Miguel S Souza;199865299843284;10/12/2015;;(21) 2684-5830;MiguelSantosSouza@fleckens.hu;;
151;Joao S Carvalho;267534849986789;26/12/1946;;(83) 9014-3477;JoaoSousaCarvalho@armyspy.com;;
152;Fábio R Castro;408495914909227;06/10/2005;;(27) 7820-4829;FabioRodriguesCastro@einrot.com;;
153;Carolina C Costa;753417891899468;23/02/1992;;(85) 6955-5494;CarolinaCarvalhoCosta@jourrapide.com;;
154;Emilly M Barbosa;319268859259272;27/11/1928;;(11) 8700-7612;EmillyMartinsBarbosa@jourrapide.com;;
155;Vitor C Cardoso;947399088167104;29/03/1932;;(62) 6425-9900;VitorCarvalhoCardoso@teleworm.us;;
156;Vinicius C Alves;45971757682600;04/08/1997;;(81) 6120-2497;ViniciusCorreiaAlves@superrito.com;;
157;Luana M Oliveira;905734642468279;28/08/1939;;(27) 9392-5492;LuanaMeloOliveira@rhyta.com;;
158;Danilo C Silva;683171256024285;24/06/1986;;(21) 5831-2446;DaniloCorreiaSilva@superrito.com;;
159;Samuel C Gomes;275748202559376;10/02/1926;;(11) 4915-5574;SamuelCastroGomes@gustr.com;;
160;Vinícius C Ribeiro;335752887489908;02/11/2005;;(31) 6588-7800;ViniciusCavalcantiRibeiro@fleckens.hu;;
161;Pedro L Melo;436001931287124;12/02/1982;;(51) 9672-8669;PedroLimaMelo@superrito.com;;
162;Joao M Souza;858323501340340;17/11/1971;;(47) 4174-7203;JoaoMeloSouza@einrot.com;;
163;Maria F Alves;183884977195818;13/11/1930;;(11) 9894-3617;MariaFerreiraAlves@gustr.com;;
164;Aline F Ribeiro;393225675810844;22/11/1960;;(21) 5482-9463;AlineFerreiraRibeiro@armyspy.com;;
165;Enzo G Araujo;863242639449030;01/12/2005;;(71) 7572-4162;EnzoGoncalvesAraujo@jourrapide.com;;
166;Luís C Cunha;860192750331316;12/11/1922;;(11) 7830-6480;LuisCavalcantiCunha@armyspy.com;;
167;João C Melo;892127381336339;20/09/1950;;(81) 5960-8310;JoaoCorreiaMelo@superrito.com;;
168;Eduardo A Melo;416435601634875;25/02/1996;;(31) 6562-9594;EduardoAzevedoMelo@dayrep.com;;
169;Brenda P Araujo;465777516659293;23/04/2013;;(35) 5783-4774;BrendaPereiraAraujo@dayrep.com;;
170;Fábio F Silva;235988559623001;19/07/2010;;(24) 2034-5528;FabioFernandesSilva@fleckens.hu;;
171;Victor S Souza;657225076642661;25/01/1985;;(15) 9368-6165;VictorSousaSouza@einrot.com;;
172;Giovanna S Gomes;95583448300611;15/10/1963;;(61) 4083-8513;GiovannaSilvaGomes@teleworm.us;;
173;Gabriela A Cardoso;786509007771948;21/06/2011;;(45) 7404-9149;GabrielaAlmeidaCardoso@gustr.com;;
174;Sofia R Castro;148697031872944;25/02/1982;;(27) 5445-4355;SofiaRibeiroCastro@einrot.com;;
175;Brenda G Santos;123873874552746;25/02/1948;;(11) 7602-7561;BrendaGoncalvesSantos@armyspy.com;;
176;Thiago M Pinto;660420224411615;29/03/1960;;(19) 7680-3835;ThiagoMartinsPinto@einrot.com;;
177;Matheus C Gomes;127404882347522;18/03/1989;;(27) 4460-7822;MatheusCastroGomes@teleworm.us;;
178;Isabela C Carvalho;188231354795866;06/01/1958;;(21) 5390-4592;IsabelaCorreiaCarvalho@einrot.com;;
179;Isabela C Gomes;489139618953705;12/07/1922;;(71) 4332-6730;IsabelaCorreiaGomes@gustr.com;;
180;Vitória A Barbosa;24857083463940;15/08/1988;;(48) 7018-2716;VitoriaAlmeidaBarbosa@cuvox.de;;
181;Júlia P Correia;698511573478749;22/09/1975;;(31) 6635-4217;JuliaPereiraCorreia@fleckens.hu;;
182;Melissa M Cunha;342737546882287;18/04/1983;;(12) 9048-7147;MelissaMeloCunha@fleckens.hu;;
183;Carolina C Carvalho;256017265512497;26/06/1940;;(42) 7253-5372;CarolinaCastroCarvalho@teleworm.us;;
184;Maria C Martins;322506250949168;20/04/1992;;(61) 6664-6360;MariaCastroMartins@einrot.com;;
185;Vinícius F Martins;883494211772012;28/07/1987;;(51) 7116-7186;ViniciusFerreiraMartins@cuvox.de;;
186;Raissa A Santos;744094620714730;24/06/1987;;(74) 4037-3766;RaissaAraujoSantos@einrot.com;;
187;Maria O Araujo;519968380567868;28/08/1947;;(14) 3628-4892;MariaOliveiraAraujo@superrito.com;;
188;Diogo C Cunha;42452925997470;04/01/1947;;(11) 5629-5452;DiogoCarvalhoCunha@teleworm.us;;
189;Joao C Ferreira;422419358314191;27/02/1932;;(27) 8549-7101;JoaoCavalcantiFerreira@superrito.com;;
190;Matilde S Pinto;996241543043780;27/02/1932;;(11) 2490-8228;MatildeSilvaPinto@armyspy.com;;
191;Tomás C Rocha;833175000841351;19/09/2001;;(85) 3915-3714;TomasCardosoRocha@dayrep.com;;
192;Luiz C Pinto;540175229633002;11/10/1980;;(62) 8735-2609;LuizCavalcantiPinto@armyspy.com;;
193;Emily A Ferreira;95402913008233;02/10/1949;;(41) 3532-4062;EmilyAlvesFerreira@einrot.com;;
194;Laura F Cavalcanti;398406038991392;18/01/2014;;(11) 8684-8271;LauraFernandesCavalcanti@einrot.com;;
195;Yasmin C Barbosa;502143444845679;19/12/2007;;(12) 2133-5911;YasminCorreiaBarbosa@rhyta.com;;
196;Eduardo O Alves;8958551451591;14/12/1924;;(61) 8777-3223;EduardoOliveiraAlves@gustr.com;;
197;Danilo C Sousa;851066401886453;06/12/1949;;(31) 2946-5037;DaniloCarvalhoSousa@cuvox.de;;
198;Luiza C Costa;354149995131290;21/06/1992;;(47) 8492-4815;LuizaCavalcantiCosta@cuvox.de;;
199;Melissa P Almeida;486692233422067;25/05/1930;;(21) 9950-9484;MelissaPintoAlmeida@einrot.com;;
200;Douglas M Araujo;992310983291340;11/02/1976;;(21) 3556-8581;DouglasMeloAraujo@superrito.com;;
201;Diogo B Cardoso;000638809279293;07/08/2003;;(73) 9349-2640;DiogoBarrosCardoso@teleworm.us;;
202;Nicolas S Alves;782924023442587;11/01/1945;;(27) 5882-5064;NicolasSantosAlves@fleckens.hu;;
203;Davi L Alves;588641531469498;15/06/1937;;(81) 2804-8955;DaviLimaAlves@rhyta.com;;
204;Sofia S Barbosa;767069471716065;01/04/1937;;(21) 4020-3582;SofiaSantosBarbosa@einrot.com;;
205;Gabrielle A Melo;823698742999838;23/03/1919;;(16) 4895-5100;GabrielleAlvesMelo@fleckens.hu;;
206;Bruno A Martins;604311358539246;12/01/1969;;(47) 5272-7680;BrunoAzevedoMartins@jourrapide.com;;
207;Anna P Ribeiro;729088963253146;29/09/1975;;(11) 5232-3705;AnnaPintoRibeiro@dayrep.com;;
208;Luana M Costa;907448584438352;24/10/1949;;(86) 2053-2076;LuanaMartinsCosta@superrito.com;;
209;Luana P Ferreira;025933830255579;02/02/1925;;(19) 5857-3949;LuanaPereiraFerreira@teleworm.us;;
210;Martim B Pereira;446940323349806;27/09/1960;;(85) 8726-9268;MartimBarrosPereira@teleworm.us;;
211;Giovana S Oliveira;823914501932747;11/12/2004;;(34) 9806-9921;GiovanaSantosOliveira@armyspy.com;;
212;Bruna P Almeida;182776809234124;08/05/1987;;(11) 3648-6256;BrunaPintoAlmeida@dayrep.com;;
213;Maria M Souza;816118668861045;08/07/2010;;(92) 5791-4700;MariaMeloSouza@dayrep.com;;
214;Bruno M Rocha;854021712636148;01/04/1968;;(34) 3463-4502;BrunoMeloRocha@superrito.com;;
215;Ágatha C Dias;530241018895909;08/09/1998;;(31) 5700-5825;AgathaCostaDias@einrot.com;;
216;Beatriz B Costa;584997178331956;04/06/1998;;(18) 8707-5234;BeatrizBarrosCosta@armyspy.com;;
217;Gabrielle G Pinto;809824025915415;07/07/1947;;(27) 3750-7785;GabrielleGomesPinto@superrito.com;;
218;Leonardo S Goncalves;364764581315410;31/03/1997;;(85) 2455-2712;LeonardoSilvaGoncalves@gustr.com;;
219;Luan D Cardoso;191083596187639;23/11/1957;;(85) 9083-2415;LuanDiasCardoso@fleckens.hu;;
220;Daniel R Castro;266742190322873;08/04/1929;;(92) 2495-9568;DanielRibeiroCastro@gustr.com;;
221;Ana A Dias;893002352061734;21/07/2010;;(81) 2073-4848;AnaAraujoDias@superrito.com;;
222;Tânia C Santos;761335645778966;26/04/1973;;(14) 8787-4078;TaniaCorreiaSantos@cuvox.de;;
223;Paulo C Sousa;355755091297471;06/03/1941;;(11) 3149-8448;PauloCunhaSousa@rhyta.com;;
224;Carlos C Souza;847070545113919;27/01/2016;;(21) 5724-7526;CarlosCastroSouza@einrot.com;;
225;Vitór B Pereira;555120739869506;21/04/2003;;(11) 3682-4190;VitorBarbosaPereira@dayrep.com;;
226;Rodrigo S Souza;780488542064455;13/02/1994;;(11) 8001-4173;RodrigoSantosSouza@superrito.com;;
227;Leila G Almeida;411924097083933;02/07/2001;;(27) 8564-5623;LeilaGomesAlmeida@armyspy.com;;
228;Lara R Barbosa;512651406712157;15/04/1938;;(61) 7079-2688;LaraRibeiroBarbosa@cuvox.de;;
229;Vitória F Gomes;799882282090484;07/11/1946;;(79) 8858-7825;VitoriaFernandesGomes@jourrapide.com;;
230;Kaua G Alves;745001251833058;07/02/2017;;(21) 4016-5822;KauaGoncalvesAlves@jourrapide.com;;
231;Erick S Barbosa;827816045354392;24/02/2014;;(62) 9033-9723;ErickSilvaBarbosa@fleckens.hu;;
232;Julian R Pereira;867478593777082;03/03/1938;;(83) 6125-5590;JulianRodriguesPereira@einrot.com;;
233;Julia F Alves;865557251786125;06/03/1946;;(27) 5902-8062;JuliaFerreiraAlves@fleckens.hu;;
234;Rebeca P Barbosa;412150909377075;27/10/1944;;(41) 2756-3105;RebecaPereiraBarbosa@gustr.com;;
235;Bruno L Oliveira;362817543711424;09/09/1938;;(21) 4617-6353;BrunoLimaOliveira@dayrep.com;;
236;Rebeca F Santos;075380380328036;22/01/1975;;(31) 9626-9244;RebecaFernandesSantos@gustr.com;;
237;Vinícius M Pereira;562853518889031;08/08/1923;;(62) 7803-9827;ViniciusMartinsPereira@gustr.com;;
238;Ágatha F Gomes;539068106239033;28/10/2012;;(11) 6176-8756;AgathaFernandesGomes@dayrep.com;;
239;Tiago F Rodrigues;699875226015028;29/09/1979;;(38) 2377-6338;TiagoFerreiraRodrigues@dayrep.com;;
240;Tiago R Costa;272188999612526;19/06/1964;;(61) 5212-5502;TiagoRibeiroCosta@jourrapide.com;;
241;Melissa C Santos;895882315027529;04/01/1922;;(91) 9795-4949;MelissaCostaSantos@teleworm.us;;
242;Eduarda A Martins;447655444406669;12/11/1997;;(71) 4850-3482;EduardaAlvesMartins@einrot.com;;
243;Isabella C Azevedo;259837179781433;08/08/2011;;(33) 6171-6633;IsabellaCarvalhoAzevedo@einrot.com;;
244;Eduarda A Sousa;478133688139895;14/01/1997;;(99) 4700-4048;EduardaAlvesSousa@dayrep.com;;
245;Carlos R Alves;720704412380534;13/11/1944;;(84) 7008-9576;CarlosRochaAlves@einrot.com;;
246;Evelyn C Rocha;972786155068958;03/08/1921;;(34) 6623-2903;EvelynCastroRocha@cuvox.de;;
247;Raissa O Martins;530601143382445;21/11/1963;;(62) 6617-4127;RaissaOliveiraMartins@dayrep.com;;
248;Evelyn P Ribeiro;833112737334139;06/12/1961;;(11) 8094-3760;EvelynPintoRibeiro@teleworm.us;;
249;Martim R Oliveira;992052267506740;26/08/2011;;(87) 6218-7022;MartimRibeiroOliveira@einrot.com;;
250;Luís R Barbosa;334655829662176;09/02/1974;;(15) 6217-3676;LuisRibeiroBarbosa@teleworm.us;;
251;Martim S Cunha;175481708468133;29/09/1937;;(14) 9955-9249;MartimSantosCunha@rhyta.com;;
252;Daniel R Cunha;277732325291509;14/05/1977;;(19) 8876-9858;DanielRochaCunha@armyspy.com;;
253;Bruno S Araujo;127765836782606;28/08/1918;;(21) 4808-7628;BrunoSousaAraujo@dayrep.com;;
254;Davi D Cardoso;923797020549700;04/12/1945;;(61) 8881-3686;DaviDiasCardoso@rhyta.com;;
255;Gustavo A Carvalho;712489072741901;07/11/1991;;(31) 9990-9444;GustavoAlvesCarvalho@armyspy.com;;
256;Thaís B Cardoso;603983786841821;27/05/1950;;(16) 5124-6918;ThaisBarrosCardoso@fleckens.hu;;
257;Estevan C Santos;892141159423514;12/05/2005;;(51) 7505-5962;EstevanCavalcantiSantos@superrito.com;;
258;Nicolash F Silva;684082451035127;05/07/1959;;(21) 7526-2995;NicolashFerreiraSilva@cuvox.de;;
259;Leila M Correia;217531746688030;28/07/1955;;(19) 7323-6136;LeilaMartinsCorreia@cuvox.de;;
260;Tiago C Costa;409907242356969;12/08/1992;;(86) 5414-4270;TiagoCastroCosta@teleworm.us;;
261;Júlia B Cunha;690453527285189;27/11/1979;;(63) 3439-6481;JuliaBarrosCunha@jourrapide.com;;
262;Carlos B Cardoso;239120845180877;12/08/1972;;(81) 2615-7830;CarlosBarrosCardoso@fleckens.hu;;
263;Kaua M Fernandes;747782044873481;01/06/2002;;(22) 2659-5257;KauaMeloFernandes@armyspy.com;;
264;Vitor M Costa;314327311920017;09/12/1971;;(83) 9866-5417;VitorMeloCosta@armyspy.com;;
265;Thiago C Araujo;782560775152501;10/02/1925;;(11) 7677-9196;ThiagoCorreiaAraujo@rhyta.com;;
266;Rafaela D Almeida;642175816009001;16/11/1991;;(21) 6593-3472;RafaelaDiasAlmeida@gustr.com;;
267;Thaís C Correia;880036104620970;15/06/1992;;(61) 8240-6662;ThaisCunhaCorreia@rhyta.com;;
268;Guilherme C Sousa;044262743453464;31/08/1954;;(61) 9618-3120;GuilhermeCorreiaSousa@superrito.com;;
269;Fernanda M Carvalho;552556277649637;18/03/2001;;(43) 3266-4988;FernandaMartinsCarvalho@teleworm.us;;
270;Paulo D Santos;632168333688025;01/01/1942;;(11) 3786-2997;PauloDiasSantos@superrito.com;;
271;Vitoria C Ferreira;580836453117180;17/06/1923;;(14) 4830-6284;VitoriaCardosoFerreira@gustr.com;;
272;Ana C Melo;843060994262065;21/11/1928;;(27) 3612-7544;AnaCorreiaMelo@dayrep.com;;
273;Mariana S Fernandes;513697242554262;19/12/2017;;(81) 2065-3818;MarianaSouzaFernandes@rhyta.com;;
274;Yasmin C Santos;357753752178385;19/11/1943;;(19) 3552-9329;YasminCastroSantos@einrot.com;;
275;Isabela F Ribeiro;947207921276602;13/06/2010;;(98) 7508-8997;IsabelaFernandesRibeiro@dayrep.com;;
276;Bianca P Barbosa;937613088206144;23/07/1925;;(33) 8094-6158;BiancaPintoBarbosa@fleckens.hu;;
277;Clara S Lima;739469161289959;02/07/1985;;(31) 6044-2911;ClaraSouzaLima@jourrapide.com;;
278;Douglas O Santos;143915313243867;30/05/1962;;(18) 6015-5052;DouglasOliveiraSantos@einrot.com;;
279;Kaua C Melo;331287293321317;24/04/1922;;(19) 5177-2591;KauaCorreiaMelo@einrot.com;;
280;José S Dias;332623165580976;01/03/1936;;(16) 4028-2846;JoseSouzaDias@jourrapide.com;;
281;Mateus G Souza;710838567990131;09/12/1923;;(11) 6902-9066;MateusGomesSouza@armyspy.com;;
282;Vitoria S Silva;864027443001099;01/09/1984;;(11) 6044-4385;VitoriaSouzaSilva@superrito.com;;
283;Fábio C Silva;760754510300313;31/10/1971;;(21) 4280-9746;FabioCavalcantiSilva@fleckens.hu;;
284;Enzo G Castro;599902656957166;06/05/1985;;(51) 5685-5689;EnzoGomesCastro@gustr.com;;
285;Beatriz S Barbosa;143119570610652;07/06/1923;;(55) 3025-7521;BeatrizSouzaBarbosa@einrot.com;;
286;Livia S Carvalho;902892068764480;27/08/1953;;(82) 2994-5452;LiviaSilvaCarvalho@cuvox.de;;
287;Rebeca S Rodrigues;194406464425580;06/11/1936;;(31) 7527-7128;RebecaSousaRodrigues@fleckens.hu;;
288;Nicole L Fernandes;780960266042480;10/06/1995;;(81) 9202-8503;NicoleLimaFernandes@rhyta.com;;
289;Matilde C Goncalves;590040787130689;10/07/1964;;(79) 9681-4374;MatildeCarvalhoGoncalves@rhyta.com;;
290;Aline A Azevedo;757753770484632;21/01/1926;;(35) 4458-7966;AlineAraujoAzevedo@einrot.com;;
291;Clara L Sousa;782796864577646;21/04/1984;;(65) 3619-3705;ClaraLimaSousa@teleworm.us;;
292;Manuela P Cunha;512297565614077;29/11/1953;;(22) 8650-8540;ManuelaPintoCunha@rhyta.com;;
293;Tomás D Pereira;356526112660424;12/08/1982;;(41) 2146-6411;TomasDiasPereira@dayrep.com;;
294;Nicolas S Dias;086205062523031;13/04/1981;;(85) 7303-3594;NicolasSouzaDias@rhyta.com;;
295;Matheus R Cardoso;766429040307340;22/01/1968;;(31) 8673-2019;MatheusRochaCardoso@cuvox.de;;
296;Gabrielle S Rocha;858478075237531;24/04/1960;;(19) 8317-6519;GabrielleSouzaRocha@gustr.com;;
297;Rodrigo C Ribeiro;718350254385020;27/11/1966;;(81) 5777-5315;RodrigoCardosoRibeiro@armyspy.com;;
298;José S Oliveira;629842399168407;05/04/1966;;(31) 4697-7723;JoseSantosOliveira@gustr.com;;
299;Matilde G Rodrigues;795803652799795;29/02/1940;;(61) 5200-9229;MatildeGomesRodrigues@einrot.com;;
300;Guilherme C Goncalves;858843082099939;10/10/1950;;(31) 8811-4469;GuilhermeCorreiaGoncalves@teleworm.us;;
301;Guilherme D Melo;618199464734713;24/10/1957;;(11) 8727-5572;GuilhermeDiasMelo@teleworm.us;;
302;Alice C Azevedo;298183592791785;23/09/1937;;(11) 4277-3855;AliceCavalcantiAzevedo@armyspy.com;;
303;Giovana G Correia;656576522996467;06/12/1989;;(62) 6434-8346;GiovanaGoncalvesCorreia@einrot.com;;
304;Sarah A Rocha;797615965144313;15/08/1972;;(81) 3401-9827;SarahAlvesRocha@superrito.com;;
305;Vitória A Dias;979536288488024;30/06/2001;;(67) 3912-2296;VitoriaAlvesDias@jourrapide.com;;
306;Gabriela F Rodrigues;894565152676117;06/12/2002;;(81) 9910-8362;GabrielaFerreiraRodrigues@dayrep.com;;
307;Maria M Fernandes;505469187936848;22/02/1998;;(11) 3255-2196;MariaMeloFernandes@gustr.com;;
308;Gabriel M Cavalcanti;228784300578189;01/02/1995;;(35) 4556-6173;GabrielMeloCavalcanti@dayrep.com;;
309;Julian C Alves;940586405208882;25/05/2000;;(15) 9397-7157;JulianCardosoAlves@einrot.com;;
310;Antônio R Carvalho;715583014071889;22/06/1999;;(11) 5090-5164;AntonioRochaCarvalho@superrito.com;;
311;Tiago C Dias;884843583003991;05/02/1968;;(11) 9003-9567;TiagoCarvalhoDias@armyspy.com;;
312;Enzo M Cardoso;263711113520609;20/04/2016;;(47) 6279-3302;EnzoMeloCardoso@dayrep.com;;
313;Alice C Cardoso;697081330641040;02/02/1956;;(21) 6276-9504;AliceCarvalhoCardoso@dayrep.com;;
314;Leila R Alves;266548759012082;30/05/1931;;(63) 6426-2166;LeilaRibeiroAlves@jourrapide.com;;
315;Douglas S Sousa;942750983058162;13/04/1957;;(12) 9240-8984;DouglasSouzaSousa@einrot.com;;
316;Gabriela S Souza;189843619610828;27/03/1958;;(11) 7179-2147;GabrielaSilvaSouza@gustr.com;;
317;Isabella C Rocha;123398397793609;24/06/2014;;(81) 4226-7408;IsabellaCavalcantiRocha@einrot.com;;
318;Mariana A Souza;828812173045127;20/07/1935;;(47) 3309-2308;MarianaAraujoSouza@teleworm.us;;
319;Sofia S Araujo;049389228998269;05/08/1965;;(11) 4798-8935;SofiaSousaAraujo@jourrapide.com;;
320;André B Castro;242033340654167;04/05/1932;;(16) 9523-6972;AndreBarbosaCastro@jourrapide.com;;
321;Júlia R Souza;962800722622558;25/06/1953;;(11) 9012-3073;JuliaRochaSouza@gustr.com;;
322;Lucas C Silva;473686910086502;15/07/1980;;(51) 8062-4483;LucasCarvalhoSilva@cuvox.de;;
323;Rebeca S Barbosa;299470553725971;20/11/1986;;(81) 7472-7816;RebecaSilvaBarbosa@fleckens.hu;;
324;Martim R Cardoso;719087789787338;04/09/1972;;(12) 2939-3801;MartimRochaCardoso@fleckens.hu;;
325;Letícia R Oliveira;667614660032530;03/06/1947;;(62) 3364-3868;LeticiaRochaOliveira@cuvox.de;;
326;Manuela C Alves;612520399377101;03/10/1997;;(34) 2844-2888;ManuelaCavalcantiAlves@fleckens.hu;;
327;Júlio F Castro;978639106100463;15/11/1965;;(64) 8541-9575;JulioFerreiraCastro@superrito.com;;
328;Julian S Barbosa;535797826754574;04/01/1978;;(12) 2626-8008;JulianSilvaBarbosa@armyspy.com;;
329;Isabelle P Cardoso;762526437057104;03/06/1926;;(11) 7451-7026;IsabellePereiraCardoso@einrot.com;;
330;Letícia R Dias;467936729405852;27/12/2017;;(38) 4991-5829;LeticiaRodriguesDias@rhyta.com;;
331;Guilherme F Oliveira;338581235941752;04/09/1978;;(14) 8535-5097;GuilhermeFerreiraOliveira@superrito.com;;
332;Isabelle M Cardoso;198992574514090;20/08/1951;;(31) 7604-4990;IsabelleMartinsCardoso@superrito.com;;
333;Beatriz M Barbosa;324282305909075;10/08/2002;;(51) 2212-8137;BeatrizMartinsBarbosa@dayrep.com;;
334;Alex C Fernandes;284174331783293;21/06/2016;;(24) 3644-2735;AlexCastroFernandes@jourrapide.com;;
335;Larissa R Ribeiro;326754095585592;18/07/1992;;(51) 5470-6080;LarissaRochaRibeiro@gustr.com;;
336;Cauã G Almeida;021538062240570;06/12/1970;;(91) 4588-8812;CauaGoncalvesAlmeida@gustr.com;;
337;Fernanda S Ferreira;803488987546006;22/06/2006;;(61) 4640-8495;FernandaSantosFerreira@superrito.com;;
338;Julian C Gomes;308462369593541;12/09/1975;;(82) 4569-5621;JulianCavalcantiGomes@rhyta.com;;
339;Vitor R Martins;531980779533133;06/09/1919;;(86) 9902-4634;VitorRodriguesMartins@jourrapide.com;;
340;Mateus S Rocha;874711958807262;10/02/1974;;(62) 8619-3174;MateusSantosRocha@rhyta.com;;
341;Lavinia C Silva;325514682545859;18/12/1930;;(84) 8297-8218;LaviniaCostaSilva@einrot.com;;
342;Matilde G Santos;246618803694320;02/08/1970;;(47) 7382-8695;MatildeGoncalvesSantos@dayrep.com;;
343;Miguel C Dias;663124683837323;15/02/1928;;(31) 5205-2454;MiguelCarvalhoDias@fleckens.hu;;
344;Bruna M Barbosa;347918899158591;27/07/1939;;(43) 9904-9912;BrunaMartinsBarbosa@teleworm.us;;
345;Joao R Castro;657979337721463;06/05/1959;;(53) 8809-9323;JoaoRibeiroCastro@superrito.com;;
346;Davi D Almeida;798599379295144;16/01/1963;;(12) 3067-6147;DaviDiasAlmeida@einrot.com;;
347;Davi O Ribeiro;210008942714960;13/01/2006;;(81) 9647-4427;DaviOliveiraRibeiro@fleckens.hu;;
348;Renan R Sousa;240099036965580;28/07/1936;;(41) 4586-8175;RenanRibeiroSousa@cuvox.de;;
349;Tomás M Correia;012012917189576;24/10/1952;;(81) 7334-4121;TomasMartinsCorreia@fleckens.hu;;
350;Mariana M Melo;600610623220878;14/02/1930;;(41) 7511-9533;MarianaMartinsMelo@cuvox.de;;
351;Tiago S Dias;979180472280148;25/07/1919;;(31) 6444-8811;TiagoSilvaDias@gustr.com;;
352;Gabriela G Alves;809870933365352;12/12/1993;;(11) 3510-8666;GabrielaGomesAlves@einrot.com;;
353;Fernanda S Cunha;249157205524548;03/05/2018;;(19) 7599-7778;FernandaSantosCunha@teleworm.us;;
354;Kauan B Cunha;429407500837362;12/03/1997;;(81) 2207-6209;KauanBarrosCunha@fleckens.hu;;
355;Enzo C Ferreira;597512333885249;24/10/1949;;(11) 8188-9319;EnzoCarvalhoFerreira@jourrapide.com;;
356;Nicole F Alves;191032882965602;02/12/2004;;(16) 5527-5826;NicoleFerreiraAlves@armyspy.com;;
357;Carolina M Rodrigues;951602936225750;05/12/2010;;(38) 7557-6376;CarolinaMartinsRodrigues@teleworm.us;;
358;Martim C Pinto;660873152449009;30/11/1966;;(11) 6465-4639;MartimCostaPinto@jourrapide.com;;
359;Julia C Almeida;294465759371946;28/02/1980;;(11) 9120-7283;JuliaCorreiaAlmeida@einrot.com;;
360;Guilherme O Almeida;013000315669560;06/03/1989;;(91) 7437-3983;GuilhermeOliveiraAlmeida@einrot.com;;
361;Julian F Castro;580036501548643;12/05/1987;;(11) 8863-5721;JulianFerreiraCastro@dayrep.com;;
362;Miguel R Silva;345646788244200;07/02/1994;;(65) 3252-9761;MiguelRochaSilva@dayrep.com;;
363;Guilherme R Souza;259252913068932;12/08/1955;;(14) 7796-3486;GuilhermeRodriguesSouza@dayrep.com;;
364;Ana R Goncalves;366931509334754;07/12/1925;;(11) 7253-5004;AnaRodriguesGoncalves@einrot.com;;
365;Kauã S Pinto;879705096403296;16/11/1922;;(81) 3354-5293;KauaSilvaPinto@cuvox.de;;
366;Evelyn R Castro;432126287110595;30/03/1934;;(92) 7927-8568;EvelynRodriguesCastro@armyspy.com;;
367;Rafaela B Correia;073053563203523;25/03/2002;;(83) 5188-2887;RafaelaBarbosaCorreia@cuvox.de;;
368;Estevan S Almeida;276599117838898;04/04/1954;;(11) 8581-4613;EstevanSouzaAlmeida@cuvox.de;;
369;Luis L Rodrigues;496792158489842;25/07/1975;;(24) 8437-4184;LuisLimaRodrigues@armyspy.com;;
370;Julieta C Araujo;169818730513402;15/04/1949;;(87) 4824-9759;JulietaCastroAraujo@rhyta.com;;
371;Julian C Silva;252932148997971;31/05/1982;;(43) 5269-6103;JulianCostaSilva@teleworm.us;;
372;Aline P Correia;197089952914354;31/07/1944;;(41) 5844-6665;AlinePereiraCorreia@dayrep.com;;
373;Brenda R Lima;679872187087774;05/01/1921;;(19) 2537-2714;BrendaRibeiroLima@teleworm.us;;
374;Bruno B Pereira;884692588779114;30/06/1919;;(13) 7019-8756;BrunoBarbosaPereira@teleworm.us;;
375;Brenda F Pinto;672659978776443;19/04/1923;;(61) 4117-6920;BrendaFerreiraPinto@jourrapide.com;;
376;Brenda S Correia;932391640428349;13/05/1992;;(21) 7377-8454;BrendaSouzaCorreia@fleckens.hu;;
377;Matheus F Sousa;816182079857591;23/08/2003;;(69) 6573-7639;MatheusFernandesSousa@fleckens.hu;;
378;Pedro O Santos;984124389331276;24/12/1938;;(11) 7520-9718;PedroOliveiraSantos@fleckens.hu;;
379;Diego D Sousa;157865073068717;30/04/1970;;(81) 3014-4079;DiegoDiasSousa@jourrapide.com;;
380;Paulo A Barros;906428867700927;26/07/1943;;(18) 3118-3685;PauloAlmeidaBarros@jourrapide.com;;
381;Evelyn C Melo;543329937233104;16/09/2007;;(77) 5735-3803;EvelynCostaMelo@cuvox.de;;
382;Luan A Ferreira;805548424204297;23/12/1966;;(35) 7304-7097;LuanAraujoFerreira@cuvox.de;;
383;Bruna S Sousa;051384377000411;23/04/1936;;(48) 9190-5077;BrunaSilvaSousa@teleworm.us;;
384;Leonardo C Rocha;891456299729249;21/07/1976;;(11) 9181-5353;LeonardoCardosoRocha@dayrep.com;;
385;Melissa R Silva;954193620330471;27/05/1920;;(13) 9192-3479;MelissaRibeiroSilva@fleckens.hu;;
386;Ana B Cardoso;661806436308333;19/05/1935;;(81) 3622-8846;AnaBarrosCardoso@jourrapide.com;;
387;Murilo O Lima;329748000144181;25/06/1952;;(51) 4731-4835;MuriloOliveiraLima@cuvox.de;;
388;Giovanna L Costa;347428171812745;08/04/2013;;(14) 4107-7450;GiovannaLimaCosta@gustr.com;;
389;Mateus O Melo;188052863987396;28/03/1989;;(21) 2606-7404;MateusOliveiraMelo@dayrep.com;;
390;Danilo C Pinto;430283000281466;18/05/2009;;(11) 4561-7038;DaniloCavalcantiPinto@gustr.com;;
391;Luiza S Carvalho;984780077365105;18/08/1939;;(12) 3087-9849;LuizaSouzaCarvalho@dayrep.com;;
392;Giovanna B Azevedo;758877187106342;05/07/1932;;(71) 8119-9702;GiovannaBarrosAzevedo@teleworm.us;;
393;Tiago A Pereira;940429526263884;24/02/1920;;(31) 8867-9268;TiagoAraujoPereira@dayrep.com;;
394;Nicolas C Santos;459236955765300;14/08/1921;;(16) 4165-5381;NicolasCastroSantos@rhyta.com;;
395;Livia S Goncalves;604757600336725;09/08/1988;;(11) 8377-2089;LiviaSousaGoncalves@dayrep.com;;
396;Douglas C Sousa;160084789266896;12/10/2002;;(11) 2020-5142;DouglasCostaSousa@cuvox.de;;
397;Bianca L Azevedo;654472659741547;26/03/1952;;(69) 4441-5983;BiancaLimaAzevedo@einrot.com;;
398;Laura F Barbosa;627359831776456;27/11/2003;;(81) 7404-6878;LauraFernandesBarbosa@superrito.com;;
399;Danilo F Sousa;512959215180335;15/02/2009;;(11) 3221-5958;DaniloFernandesSousa@einrot.com;;
400;Carla C Cavalcanti;107933927094739;04/05/2008;;(21) 9875-2169;CarlaCastroCavalcanti@dayrep.com;;
401;Letícia G Pereira;491786708227361;04/03/1963;;(11) 8047-3821;LeticiaGomesPereira@armyspy.com;;
402;Clara C Melo;871575967676059;22/09/1946;;(81) 3465-3807;ClaraCorreiaMelo@gustr.com;;
403;Larissa F Cardoso;098167838661397;20/11/1918;;(11) 5256-3443;LarissaFerreiraCardoso@jourrapide.com;;
404;Cauã A Correia;485632129886591;12/07/1984;;(19) 5040-4316;CauaAlvesCorreia@einrot.com;;
405;Miguel B Correia;401328001978018;14/09/1951;;(11) 6526-9368;MiguelBarrosCorreia@dayrep.com;;
406;Eduarda S Rodrigues;766320643522272;19/08/1920;;(33) 6315-9952;EduardaSantosRodrigues@superrito.com;;
407;Raissa G Cavalcanti;322554365452354;24/01/2013;;(81) 7316-9993;RaissaGoncalvesCavalcanti@gustr.com;;
408;Kaua A Gomes;230862936289507;30/08/1967;;(18) 2441-8034;KauaAzevedoGomes@jourrapide.com;;
409;Antônio O Barbosa;749995421077212;09/09/1984;;(21) 5449-9294;AntonioOliveiraBarbosa@rhyta.com;;
410;Yasmin C Lima;636723916645695;12/11/1972;;(91) 4798-4562;YasminCarvalhoLima@jourrapide.com;;
411;Kauê A Araujo;360269811919740;14/10/2009;;(11) 4419-6472;KaueAlvesAraujo@einrot.com;;
412;Arthur G Santos;913685087641101;27/08/2010;;(71) 6266-9694;ArthurGoncalvesSantos@cuvox.de;;
413;Carolina C Pereira;747764655856820;27/10/1953;;(84) 5858-8254;CarolinaCarvalhoPereira@dayrep.com;;
414;Carla F Souza;821180788452673;01/01/1968;;(62) 9315-3702;CarlaFerreiraSouza@superrito.com;;
415;Kauan C Martins;747524999484166;11/09/1990;;(61) 2435-8895;KauanCunhaMartins@rhyta.com;;
416;Alice A Rocha;248467436281549;03/09/1975;;(77) 7170-2564;AliceAlmeidaRocha@einrot.com;;
417;Luiz C Alves;923676165113639;11/08/2002;;(54) 6295-7175;LuizCardosoAlves@fleckens.hu;;
418;Thaís C Cunha;354290944672727;12/06/1922;;(48) 6603-8724;ThaisCavalcantiCunha@jourrapide.com;;
419;Enzo G Silva;629096602224687;10/02/2014;;(21) 9684-4804;EnzoGomesSilva@gustr.com;;
420;Joao C Souza;522042047404787;11/10/1952;;(21) 7585-7009;JoaoCastroSouza@einrot.com;;
421;Ágatha B Barros;459368039351710;26/04/2007;;(82) 6959-2124;AgathaBarbosaBarros@gustr.com;;
422;Pedro R Oliveira;472777071821290;01/10/1933;;(37) 8385-4733;PedroRibeiroOliveira@jourrapide.com;;
423;Rafael S Goncalves;045971875810982;14/04/1930;;(19) 7779-7085;RafaelSantosGoncalves@dayrep.com;;
424;Luiz C Lima;039307015197327;29/11/1975;;(11) 2724-4637;LuizCavalcantiLima@superrito.com;;
425;Pedro M Souza;321929107688786;29/12/1955;;(19) 4095-6604;PedroMartinsSouza@rhyta.com;;
426;Fernanda D Araujo;999920622132874;05/08/1932;;(51) 9331-3395;FernandaDiasAraujo@rhyta.com;;
427;Bruno A Martins;616709729498267;13/02/1939;;(91) 5689-6156;BrunoAraujoMartins@teleworm.us;;
428;Erick C Cardoso;966958910224412;02/08/1930;;(54) 7832-4955;ErickCavalcantiCardoso@armyspy.com;;
429;Rodrigo A Sousa;883554436475392;10/05/1951;;(48) 6740-8971;RodrigoAlvesSousa@cuvox.de;;
430;Erick R Santos;098783684607149;26/01/1947;;(86) 4817-7542;ErickRodriguesSantos@armyspy.com;;
431;Miguel C Correia;337793136874314;18/10/1962;;(43) 9909-2337;MiguelCostaCorreia@armyspy.com;;
432;Isabelle R Silva;623491759220045;29/08/1957;;(67) 6478-7878;IsabelleRibeiroSilva@rhyta.com;;
433;Leonardo C Barbosa;088857261949380;01/08/1985;;(31) 8080-5214;LeonardoCunhaBarbosa@dayrep.com;;
434;Cauã M Cunha;752192277200214;04/11/1965;;(65) 3139-5258;CauaMeloCunha@teleworm.us;;
435;Leonardo F Alves;812607424619548;27/06/1998;;(81) 8012-6227;LeonardoFernandesAlves@fleckens.hu;;
436;José R Martins;623833160881812;26/06/1965;;(88) 9179-9386;JoseRibeiroMartins@gustr.com;;
437;Bruno A Barbosa;394564317878733;29/06/1953;;(11) 3036-8728;BrunoAlvesBarbosa@teleworm.us;;
438;Tiago S Santos;605989295384475;28/02/2006;;(19) 4548-2681;TiagoSouzaSantos@cuvox.de;;
439;Bruno S Ribeiro;705262793471355;23/11/1980;;(81) 6294-5370;BrunoSantosRibeiro@armyspy.com;;
440;Sophia A Pereira;615204134762110;21/04/1940;;(92) 9681-6304;SophiaAlmeidaPereira@teleworm.us;;
441;Danilo C Ferreira;790326596943078;08/08/1935;;(82) 6995-9205;DaniloCavalcantiFerreira@einrot.com;;
442;Carla S Barros;649160684050372;27/11/2004;;(73) 4560-9869;CarlaSouzaBarros@einrot.com;;
443;Yasmin P Correia;342484134728035;15/08/2016;;(51) 5569-3612;YasminPintoCorreia@einrot.com;;
444;Alice C Dias;900926085480528;15/08/1956;;(21) 3210-8405;AliceCunhaDias@einrot.com;;
445;Sophia F Dias;763011424897701;21/03/1939;;(16) 3626-6306;SophiaFerreiraDias@jourrapide.com;;
446;Matheus B Barros;391393091530583;08/01/1981;;(81) 6875-4531;MatheusBarbosaBarros@jourrapide.com;;
447;Yasmin M Goncalves;369660813202072;23/07/1942;;(19) 9735-6964;YasminMartinsGoncalves@cuvox.de;;
448;Letícia O Almeida;102342641895953;25/07/1919;;(34) 6452-5149;LeticiaOliveiraAlmeida@rhyta.com;;
449;Kai S Azevedo;290266348779976;02/11/1946;;(31) 3476-4745;KaiSilvaAzevedo@superrito.com;;
450;Luan M Rocha;297522796885371;21/07/1951;;(86) 7051-5723;LuanMeloRocha@einrot.com;;
451;Manuela R Carvalho;700736470247235;26/02/1929;;(83) 9731-2746;ManuelaRibeiroCarvalho@armyspy.com;;
452;Matilde P Castro;864617886574112;24/05/1925;;(62) 3703-5198;MatildePintoCastro@teleworm.us;;
453;Breno F Cardoso;282266913947761;11/05/2003;;(11) 8424-9267;BrenoFernandesCardoso@teleworm.us;;
454;Julian C Sousa;348819508255767;06/07/1998;;(31) 7850-2342;JulianCorreiaSousa@gustr.com;;
455;Gabriela C Castro;986213804208084;22/11/1986;;(19) 6723-3411;GabrielaCarvalhoCastro@jourrapide.com;;
456;Isabella F Cardoso;119991941776343;23/08/1975;;(21) 3086-5105;IsabellaFernandesCardoso@einrot.com;;
457;Kaua C Azevedo;132763054474372;10/02/1953;;(11) 5301-2774;KauaCostaAzevedo@fleckens.hu;;
458;Kauê C Barros;794793898965609;22/10/2002;;(24) 7553-5577;KaueCunhaBarros@armyspy.com;;
459;Murilo C Souza;023290605152680;15/08/1953;;(86) 8993-6518;MuriloCardosoSouza@teleworm.us;;
460;Manuela A Sousa;860339628525086;08/07/1969;;(61) 5328-5117;ManuelaAraujoSousa@jourrapide.com;;
461;Gustavo C Ribeiro;098318389994153;27/06/1932;;(65) 9787-2062;GustavoCunhaRibeiro@jourrapide.com;;
462;Luiz S Barros;240274246098607;12/04/1949;;(31) 4071-4632;LuizSantosBarros@rhyta.com;;
463;Luiz C Souza;306148086976492;20/09/2006;;(11) 9329-2093;LuizCostaSouza@teleworm.us;;
464;Maria O Fernandes;816834369069939;01/11/1969;;(19) 4336-9827;MariaOliveiraFernandes@rhyta.com;;
465;Aline A Pinto;660384192880539;21/01/1952;;(19) 2452-6429;AlineAraujoPinto@fleckens.hu;;
466;Vinícius M Souza;710404940847741;02/06/2005;;(65) 9019-2029;ViniciusMeloSouza@jourrapide.com;;
467;Marcos C Carvalho;718846266555508;20/06/1938;;(11) 3411-7159;MarcosCavalcantiCarvalho@dayrep.com;;
468;Emily G Barbosa;580521025000885;11/11/2000;;(27) 4559-4829;EmilyGoncalvesBarbosa@rhyta.com;;
469;Ana S Alves;966741477123684;19/07/2006;;(21) 4659-5103;AnaSilvaAlves@dayrep.com;;
470;Rafael B Cavalcanti;543595708218397;30/05/1935;;(61) 7422-9171;RafaelBarbosaCavalcanti@cuvox.de;;
471;Miguel P Carvalho;893577625437706;10/10/1932;;(75) 6887-9216;MiguelPereiraCarvalho@rhyta.com;;
472;Anna P Goncalves;251500171902842;26/03/1970;;(17) 2473-4524;AnnaPintoGoncalves@jourrapide.com;;
473;Isabela R Carvalho;532889642186966;13/10/1957;;(11) 5692-8964;IsabelaRochaCarvalho@superrito.com;;
474;Igor R Cardoso;681742850050235;17/05/2006;;(79) 9465-6229;IgorRochaCardoso@gustr.com;;
475;Ágatha B Castro;588776741969555;03/01/1992;;(27) 3775-7272;AgathaBarrosCastro@rhyta.com;;
476;Caio L Silva;224308594599612;25/11/1957;;(53) 7022-5825;CaioLimaSilva@cuvox.de;;
477;Ryan C Ferreira;270048712818774;27/03/2004;;(21) 7134-3658;RyanCostaFerreira@rhyta.com;;
478;Fernanda F Barros;397827686145017;07/09/1996;;(11) 4688-7389;FernandaFernandesBarros@einrot.com;;
479;Beatrice L Melo;234348110492270;05/09/2007;;(31) 7445-4375;BeatriceLimaMelo@rhyta.com;;
480;Carla M Souza;709492161875377;04/09/1975;;(11) 7386-8660;CarlaMartinsSouza@teleworm.us;;
481;Nicolash C Ribeiro;100534456505732;31/12/2007;;(14) 9867-4495;NicolashCostaRibeiro@jourrapide.com;;
482;Gabriela P Gomes;803753079156793;25/05/1924;;(12) 7832-6364;GabrielaPintoGomes@armyspy.com;;
483;Joao M Sousa;403567903563146;01/07/1920;;(12) 6326-6080;JoaoMeloSousa@armyspy.com;;
484;Laura C Barros;426891198014683;26/07/1944;;(16) 2710-4872;LauraCarvalhoBarros@superrito.com;;
485;Pedro S Correia;034480281547951;10/04/2007;;(61) 3457-2601;PedroSilvaCorreia@einrot.com;;
486;Leonardo G Rocha;503282492304772;23/01/1944;;(51) 8956-5449;LeonardoGoncalvesRocha@einrot.com;;
487;Matilde P Silva;185524652707402;07/06/1960;;(49) 5130-5561;MatildePintoSilva@fleckens.hu;;
488;Nicolas A Cavalcanti;553871121452839;24/07/2002;;(81) 8632-7028;NicolasAraujoCavalcanti@rhyta.com;;
489;Mateus C Oliveira;147600165336086;02/09/1964;;(91) 7424-9026;MateusCastroOliveira@dayrep.com;;
490;Kauê B Gomes;332720842087371;31/10/1998;;(81) 6118-9264;KaueBarbosaGomes@armyspy.com;;
491;Leonor D Azevedo;285046062696204;03/02/1985;;(16) 4589-9259;LeonorDiasAzevedo@jourrapide.com;;
492;Davi C Martins;948111105314141;01/01/1920;;(87) 3057-9468;DaviCostaMartins@dayrep.com;;
493;Leonardo O Azevedo;279884480750481;13/04/1938;;(31) 9907-5660;LeonardoOliveiraAzevedo@armyspy.com;;
494;Cauã C Azevedo;976888999530055;19/05/1923;;(27) 4053-8527;CauaCastroAzevedo@cuvox.de;;
495;Diego D Carvalho;283261610795833;02/12/1975;;(18) 2382-8395;DiegoDiasCarvalho@armyspy.com;;
496;Rebeca A Costa;716556218125106;14/09/1997;;(31) 2319-2277;RebecaAlvesCosta@cuvox.de;;
497;Eduardo S Melo;943779603210896;19/03/2006;;(11) 5791-9126;EduardoSousaMelo@cuvox.de;;
498;Douglas R Melo;568223845758368;21/01/1939;;(61) 4180-3594;DouglasRochaMelo@superrito.com;;
499;Anna C Silva;963330201532611;29/04/1949;;(27) 6611-7483;AnnaCorreiaSilva@dayrep.com;;
500;Joao B Rocha;278000494969796;15/05/1973;;(47) 7456-9982;JoaoBarrosRocha@teleworm.us;;
